,,,,,,DOC # : QR/M.SWC-011/01,
Saram Waqas & Co (SWC),,,,,,,
STORE ISSUANCE DETAIL REPORT,,,,,,Page 1 of 12,
FROM: 01-JUN-26,,TO: 29-JUN-26,,,,Monday June 29 2026 2:18 PM,
Transaction,Creation,SIR,Item Code,Item Description,UOM,Quantity,Amount
Date,Date,No,,,,,
Account alias issue,,,,,,,
203-71020001-2001,,STORE     CONSUMPTION WEAVING COMMON ,,,,,
19-Jun-26,19-Jun-26,SIR-2549,01-09201-01-901,MASKING TAPE 40 MM X 20 YARD,NUMBER,210,"14,490"
19-Jun-26,19-Jun-26,SIR-2483,01-05635-01-901,TISSUE PAPER BOX 200~210 SHEETS,NUMBER,6,"2,340"
19-Jun-26,19-Jun-26,SIR-2483,01-21431-01-901,MORTEIN SPRAY,BOTTLE,2,"1,640"
19-Jun-26,19-Jun-26,SIR-2483,01-05030-01-901,GLINT,NUMBER,3,"2,010"
19-Jun-26,19-Jun-26,SIR-2549,01-04961-01-901,DUST MASK,NUMBER,1000,"4,000"
19-Jun-26,19-Jun-26,SIR-2483,01-04758-01-901,AIR FRESHNER,NUMBER,2,920
19-Jun-26,19-Jun-26,SIR-2483,01-34701-01-901,CLOTH FOR CLEANER (FALALYNE),NUMBER,5,360
12-Jun-26,12-Jun-26,SIR-2495,01-09248-01-901,PLASTIC CLIP FILE SIZE: F/C,NUMBER,1,150
12-Jun-26,12-Jun-26,SIR-2495,01-09312-01-901,ROUGH PAD SMALL,NUMBER,2,90
12-Jun-26,12-Jun-26,SIR-2495,01-35494-01-901,UNI BALL PEN EYE,NUMBER,2,598
12-Jun-26,12-Jun-26,SIR-2495,01-09147-01-901,HIGHLIGHT MARKER,NUMBER,2,116
10-Jun-26,10-Jun-26,SIR-2471,01-38909-01-901,HAND SANITIZER,LITER,0.12,179
10-Jun-26,10-Jun-26,SIR-2483,01-08926-01-901,BALL POINT CLEAR STICK,NUMBER,10,160
10-Jun-26,10-Jun-26,SIR-2473,01-39626-01-901,PEN JETFLOW (DOLLER),NUMBER,12,420
10-Jun-26,10-Jun-26,SIR-2471,01-05639-01-901,TISSUE ROLL,NUMBER,20,"2,500"
10-Jun-26,10-Jun-26,SIR-2473,01-09383-01-901,UNI BALL PEN,NUMBER,6,630
04-Jun-26,04-Jun-26,SIR-2439,01-09311-01-901,ROUGH PAD LARGE,NUMBER,8,520
04-Jun-26,04-Jun-26,SIR-2440,01-09248-01-901,PLASTIC CLIP FILE SIZE: F/C,NUMBER,1,150
04-Jun-26,04-Jun-26,SIR-2440,01-04961-01-901,DUST MASK,NUMBER,100,400
04-Jun-26,04-Jun-26,SIR-2441,01-09132-01-901,UNI CORRECTION PEN,NUMBER,1,60
04-Jun-26,04-Jun-26,SIR-2441,01-09147-01-901,HIGHLIGHT MARKER,NUMBER,4,232
04-Jun-26,04-Jun-26,SIR-2438,01-04961-01-901,DUST MASK,NUMBER,500,"2,000"
04-Jun-26,04-Jun-26,SIR-2439,01-09312-01-901,ROUGH PAD SMALL,NUMBER,8,360
04-Jun-26,04-Jun-26,SIR-2439,01-08926-01-901,BALL POINT CLEAR STICK,NUMBER,15,240
04-Jun-26,04-Jun-26,SIR-2440,01-09344-01-901,STAPLER PIN,PACKET,2,140
04-Jun-26,04-Jun-26,SIR-2441,01-22485-01-901,DUPLICATE BOOK (CARBON LESS),NUMBER,2,900
04-Jun-26,04-Jun-26,SIR-2438,01-09147-01-901,HIGHLIGHT MARKER,NUMBER,4,232
04-Jun-26,04-Jun-26,SIR-2438,01-09248-01-901,PLASTIC CLIP FILE SIZE: F/C,NUMBER,4,600
04-Jun-26,04-Jun-26,SIR-2441,01-09170-01-901,LEAD PENCIL,NUMBER,20,320
04-Jun-26,04-Jun-26,SIR-2439,01-47844-01-901,PAPER A-4 80-GSM 500-SHEET,RIM,1,831
04-Jun-26,04-Jun-26,SIR-2439,01-09191-01-901,MARKER LARGE,NUMBER,24,"1,320"
04-Jun-26,04-Jun-26,SIR-2438,01-04962-01-901,EAR PLUG CORDED SOFT,SET,200,"9,000"
04-Jun-26,04-Jun-26,SIR-2439,01-08961-01-901,CARBON PAPER RUBY,PACKET,1,380
04-Jun-26,04-Jun-26,SIR-2440,01-23535-01-901,RUBBER ERASER (KIDCO),NUMBER,2,20
04-Jun-26,04-Jun-26,SIR-2441,01-09321-01-901,SHARPNER,NUMBER,2,30
02-Jun-26,02-Jun-26,SIR-2436,01-47844-01-901,PAPER A-4 80-GSM 500-SHEET,RIM,5,"4,157"
31-May-26,02-Jun-26,SIR-2419,01-09383-01-901,UNI BALL PEN,NUMBER,6,630
31-May-26,02-Jun-26,SIR-2419,01-35494-01-901,UNI BALL PEN EYE,NUMBER,12,"3,589"
02-Jun-26,02-Jun-26,SIR-2436,01-09383-01-901,UNI BALL PEN,NUMBER,6,630
02-Jun-26,02-Jun-26,SIR-2436,01-09132-01-901,UNI CORRECTION PEN,NUMBER,3,180
02-Jun-26,02-Jun-26,SIR-2436,01-08946-01-901,BOX FILE COVER PLASTIC BODY,NUMBER,5,"1,750"
02-Jun-26,02-Jun-26,SIR-2436,01-08926-01-901,BALL POINT CLEAR STICK,NUMBER,16,256
,,,,,Department Total :,"2,235.12","59,530"
203-71020001-2102,,STORE     CONSUMPTION SIZING ,,,,,
26-Jun-26,26-Jun-26,SIR-2589,01-05998-01-901,TURPENTINE OIL 10LTR/DRUMMY,NUMBER,3,"14,400"
26-Jun-26,26-Jun-26,SIR-2589,01-18772-01-901,S.S GEAR SET 7+9T (CIRCULATION PUMP),SET,1,"48,000"
21-Jun-26,21-Jun-26,SIR-2571,01-34617-01-901,PILLOW BLOCK CAST HOUSING W/BEARING UC-,NUMBER,3,"49,500"
,,,,216,,,
21-Jun-26,21-Jun-26,SIR-2571,01-12712-01-901,"EMERY PATTI 4""",FEET,300,"21,000"
,,,,,,,
,,,,,,DOC # : QR/M.SWC-011/01,
Saram Waqas & Co (SWC),,,,,,,
STORE ISSUANCE DETAIL REPORT,,,,,,Page 2 of 12,
FROM: 01-JUN-26,,TO: 29-JUN-26,,,,Monday June 29 2026 2:18 PM,
Transaction,Creation,SIR,Item Code,Item Description,UOM,Quantity,Amount
Date,Date,No,,,,,
Account alias issue,,,,,,,
203-71020001-2102,,STORE     CONSUMPTION SIZING ,,,,,
21-Jun-26,21-Jun-26,SIR-2571,01-50366-01-901,"AUTO STEAM VALVE 2"" DN50 PN16",NUMBER,2,"171,000"
12-Jun-26,12-Jun-26,SIR-2474,01-15121-01-901,TEFLON ROD 65 MM,KILOGRAM,10,"19,500"
12-Jun-26,12-Jun-26,SIR-2474,01-05353-01-901,PAINT SYNTHETIC ENAMEL GOLDEN YELLOW #,GALLON,3,"7,260"
,,,,3600 3.64 LTR,,,
12-Jun-26,12-Jun-26,SIR-2474,01-11585-01-901,THINNER 3.64 LTR (WOOD CARE I.C.I DULEX),GALLON,3,"6,000"
10-Jun-26,10-Jun-26,SIR-2474,01-05586-01-901,MEASURING TAPE 5 MTR,NUMBER,12,"3,000"
10-Jun-26,10-Jun-26,SIR-2472,01-40715-01-901,SIZING BEAM DATA CARD 13X8CM W/GREEN,NUMBER,1500,"1,800"
,,,,BACKGROUD & BLACK WRITING,,,
10-Jun-26,10-Jun-26,SIR-2474,01-05623-01-901,TEFLON TAPE,NUMBER,12,240
10-Jun-26,10-Jun-26,SIR-2472,01-40712-01-901,SIZING BEAM DATA CARD 13X8CM W/YELLOW,NUMBER,1500,"1,800"
,,,,BACKGROUD & BLACK WRITING,,,
10-Jun-26,10-Jun-26,SIR-2472,01-40713-01-901,SIZING BEAM DATA CARD 13X8CM W/BLUE,NUMBER,1500,"1,800"
,,,,BACKGROUD & BLACK WRITING,,,
04-Jun-26,04-Jun-26,SIR-2442,01-04832-01-901,"BRUSH CLEANING 36""",NUMBER,19.5,"7,605"
,,,,,Department Total :,4868.5,"352,905"
203-71020001-2103,,STORE     CONSUMPTION DRAWING ,,,,,
18-Jun-26,18-Jun-26,SIR-2544,01-14763-03-901,HEALED WIRE,NUMBER,20000,0
11-Jun-26,11-Jun-26,SIR-2487,01-08926-01-901,BALL POINT CLEAR STICK,NUMBER,15,240
11-Jun-26,11-Jun-26,SIR-2487,01-09287-01-901,REGISTER LARGE,NUMBER,3,"1,050"
11-Jun-26,11-Jun-26,SIR-2487,01-16189-01-901,NEW LIGHT FRAME SIDE RUBBER LOCK,NUMBER,100,"1,400"
11-Jun-26,11-Jun-26,SIR-2487,01-09191-01-901,MARKER LARGE,NUMBER,15,825
11-Jun-26,11-Jun-26,SIR-2487,01-05178-01-901,MASKING TAPE 20 MM X 20 YDS,NUMBER,60,"2,070"
11-Jun-26,11-Jun-26,SIR-2487,01-09201-01-901,MASKING TAPE 40 MM X 20 YARD,NUMBER,60,"4,140"
02-Jun-26,02-Jun-26,SIR-2638,01-34336-01-901,"HACKSAW BLADE 12"" DORMER",NUMBER,40,"11,600"
02-Jun-26,02-Jun-26,SIR-2638,01-32397-01-901,REED CLAMP ALUMINIUM U-CHANNEL,FEET,48,"1,680"
02-Jun-26,02-Jun-26,SIR-2638,01-12081-01-901,MAGIC DEPOXI,NUMBER,40,"8,800"
,,,,,Department Total :,20381,"31,805"
203-71020001-2104,,STORE CONSUMPTION KNOTTING ,,,,,
18-Jun-26,18-Jun-26,SIR-2546,01-26279-01-901,LEVER HINGE FOR MAKING THE KNOTS 30752,NUMBER,2,"13,000"
18-Jun-26,18-Jun-26,SIR-2546,01-37043-01-901,"NYLON BRUSH 10"" (KNOTTING)",NUMBER,24,"43,200"
12-Jun-26,12-Jun-26,SIR-2434,01-05733-01-901,ANGLE PLATE W/TENSION BAR 33268,NUMBER,2,"8,400"
02-Jun-26,02-Jun-26,SIR-2434,01-08926-01-901,BALL POINT CLEAR STICK,NUMBER,20,320
02-Jun-26,02-Jun-26,SIR-2434,01-09248-01-901,PLASTIC CLIP FILE SIZE: F/C,NUMBER,1,150
02-Jun-26,02-Jun-26,SIR-2434,01-09201-01-901,MASKING TAPE 40 MM X 20 YARD,NUMBER,800,"55,200"
02-Jun-26,02-Jun-26,SIR-2434,01-09311-01-901,ROUGH PAD LARGE,NUMBER,4,260
02-Jun-26,02-Jun-26,SIR-2434,01-04961-01-901,DUST MASK,NUMBER,200,800
,,,,,Department Total :,1053,"121,330"
203-71020001-2201,,STORE     CONSUMPTION WEAVING SHED ,,,,,
18-Jun-26,18-Jun-26,SIR-2528,01-09112-01-901,"ENVELOPE 12"" X 15"" (KHAKI)",NUMBER,5,25
18-Jun-26,18-Jun-26,SIR-2528,01-10251-01-901,M.S GEAR 25T,NUMBER,5,"5,000"
16-Jun-26,16-Jun-26,SIR-2513,01-20067-01-901,WAX 45X38X16MM,KILOGRAM,34.8,"28,884"
10-Jun-26,10-Jun-26,SIR-2484,01-04919-01-901,CRYSTAL TAPE 48 MM,NUMBER,1,148
10-Jun-26,10-Jun-26,SIR-2484,01-22403-03-901,NAVI BOARD KEY,NUMBER,1,0
31-May-26,03-Jun-26,SIR-2403,01-20067-01-901,WAX 45X38X16MM,KILOGRAM,30,"24,900"
03-Jun-26,03-Jun-26,SIR-2436,01-20067-01-901,WAX 45X38X16MM,KILOGRAM,28.4,"23,572"
02-Jun-26,02-Jun-26,SIR-2405,01-30394-01-901,MOBILUX EP-0,KILOGRAM,180,"457,200"
02-Jun-26,02-Jun-26,SIR-2435,01-47844-01-901,PAPER A-4 80-GSM 500-SHEET,RIM,1,831
02-Jun-26,02-Jun-26,SIR-2435,01-04962-01-901,EAR PLUG CORDED SOFT,SET,50,"2,250"
02-Jun-26,02-Jun-26,SIR-2435,01-04961-01-901,DUST MASK,NUMBER,400,"1,600"
,,,,,,,
,,,,,,DOC # : QR/M.SWC-011/01,
Saram Waqas & Co (SWC),,,,,,,
STORE ISSUANCE DETAIL REPORT,,,,,,Page 3 of 12,
FROM: 01-JUN-26,,TO: 29-JUN-26,,,,Monday June 29 2026 2:18 PM,
Transaction,Creation,SIR,Item Code,Item Description,UOM,Quantity,Amount
Date,Date,No,,,,,
Account alias issue,,,,,,,
203-71020001-2201,,STORE     CONSUMPTION WEAVING SHED ,,,,,
31-May-26,01-Jun-26,SIR-2403,01-12083-01-901,TRANSPARENT FILE,NUMBER,2,119
,,,,,Department Total :,738.2,"544,529"
203-71020001-2203,,STORE     CONSUMPTION FOLDING ,,,,,
26-Jun-26,26-Jun-26,SIR-2555,01-13481-01-901,CHARGE & SHIFT REPORT REGISTER A4 50-,NUMBER,12,"3,840"
,,,,LEAF,,,
26-Jun-26,26-Jun-26,SIR-2596,01-36929-01-901,SUPER CLEAN 100,LITER,208,"107,120"
26-Jun-26,26-Jun-26,SIR-2555,01-05599-01-901,SURF EXPRESS (1 KG),KILOGRAM,6,"2,760"
24-Jun-26,24-Jun-26,SIR-2555,01-16546-01-901,ARTICLE FIRST METER REPORT REGISTER A4,NUMBER,12,"2,880"
,,,,50-LEAF,,,
24-Jun-26,24-Jun-26,SIR-2555,01-08995-01-901,CLOTH INSPECTION SHEET PAD LEGAL SIZE,NUMBER,160,"17,600"
,,,,100-LEAF,,,
19-Jun-26,19-Jun-26,SIR-2557,01-09321-01-901,SHARPNER,NUMBER,5,75
19-Jun-26,19-Jun-26,SIR-2555,01-09287-01-901,REGISTER LARGE,NUMBER,6,"2,100"
19-Jun-26,19-Jun-26,SIR-2556,01-23535-01-901,RUBBER ERASER (KIDCO),NUMBER,12,120
19-Jun-26,19-Jun-26,SIR-2556,01-12083-01-901,TRANSPARENT FILE,NUMBER,3,178
19-Jun-26,19-Jun-26,SIR-2557,01-09201-01-901,MASKING TAPE 40 MM X 20 YARD,NUMBER,210,"14,490"
19-Jun-26,19-Jun-26,SIR-2556,01-09191-01-901,MARKER LARGE,NUMBER,28,"1,540"
19-Jun-26,19-Jun-26,SIR-2555,01-22485-01-901,DUPLICATE BOOK (CARBON LESS),NUMBER,7,"3,150"
19-Jun-26,19-Jun-26,SIR-2557,01-08926-01-901,BALL POINT CLEAR STICK,NUMBER,20,320
19-Jun-26,19-Jun-26,SIR-2556,01-09383-01-901,UNI BALL PEN,NUMBER,3,315
19-Jun-26,19-Jun-26,SIR-2557,01-05178-01-901,MASKING TAPE 20 MM X 20 YDS,NUMBER,210,"7,245"
19-Jun-26,19-Jun-26,SIR-2556,01-09342-01-901,STAMP PAD,NUMBER,1,60
19-Jun-26,19-Jun-26,SIR-2556,01-09170-01-901,LEAD PENCIL,NUMBER,110,"1,760"
09-Jun-26,09-Jun-26,SIR-2470,01-04961-01-901,DUST MASK,NUMBER,500,"2,000"
08-Jun-26,08-Jun-26,SIR-2469,01-05178-01-901,MASKING TAPE 20 MM X 20 YDS,NUMBER,610,"21,045"
08-Jun-26,08-Jun-26,SIR-2469,01-08926-01-901,BALL POINT CLEAR STICK,NUMBER,50,800
08-Jun-26,08-Jun-26,SIR-2469,01-09201-01-901,MASKING TAPE 40 MM X 20 YARD,NUMBER,550,"37,950"
08-Jun-26,08-Jun-26,SIR-2468,01-09287-01-901,REGISTER LARGE,NUMBER,6,"2,100"
08-Jun-26,08-Jun-26,SIR-2469,01-09170-01-901,LEAD PENCIL,NUMBER,100,"1,600"
08-Jun-26,08-Jun-26,SIR-2468,01-35494-01-901,UNI BALL PEN EYE,NUMBER,2,598
08-Jun-26,08-Jun-26,SIR-2469,01-22485-01-901,DUPLICATE BOOK (CARBON LESS),NUMBER,6,"2,700"
08-Jun-26,08-Jun-26,SIR-2468,01-12083-01-901,TRANSPARENT FILE,NUMBER,2,119
08-Jun-26,08-Jun-26,SIR-2468,01-09344-01-901,STAPLER PIN,PACKET,2,140
08-Jun-26,08-Jun-26,SIR-2468,01-08961-01-901,CARBON PAPER RUBY,PACKET,2,760
08-Jun-26,08-Jun-26,SIR-2469,01-47844-01-901,PAPER A-4 80-GSM 500-SHEET,RIM,6,"4,988"
,,,,,Department Total :,2849,"240,353"
203-71020001-5104,,STORE     CONSUMPTION BOILER ,,,,,
24-Jun-26,24-Jun-26,SIR-2588,01-04961-01-901,DUST MASK,NUMBER,50,200
24-Jun-26,24-Jun-26,SIR-2588,01-31518-01-901,PURCHASE REQUISITION FORM (CARBON LESS),NUMBER,1,260
,,,,(100-LEAF),,,
24-Jun-26,24-Jun-26,SIR-2591,01-69879-01-901,HYDREX-4101,KILOGRAM,30,"36,000"
31-May-26,20-Jun-26,SIR-2269,01-20964-01-901,"M.S SEAMLESS PIPE 1.5"" (SCH 40)",FEET,1440,"499,680"
31-May-26,20-Jun-26,SIR-1907,01-32623-01-901,M.S WELDING ROD 2.25 MM(FORTEX 7018),KILOGRAM,40,"33,600"
31-May-26,20-Jun-26,SIR-1907,01-20656-01-901,"PENCIL GRINDER STONE 1""",NUMBER,12,900
31-May-26,20-Jun-26,SIR-1907,01-11128-01-901,"GRINDING DISK 1/4"" X 5""",NUMBER,24,"3,360"
19-Jun-26,19-Jun-26,SIR-2530,01-05589-01-901,STEEL WIRE BRUSH,NUMBER,48,"5,760"
18-Jun-26,18-Jun-26,SIR-2530,01-31592-01-901,STORE REQUISITION SLIP W/50 PAGES SET,NUMBER,1,180
,,,,CARBON LESS W/BINDING,,,
,,,,,Department Total :,1646,"579,940"
203-71020001-6001,,STORE     CONSUMPTION ELECTRIC ,,,,,
,,,,,,,
,,,,,,DOC # : QR/M.SWC-011/01,
Saram Waqas & Co (SWC),,,,,,,
STORE ISSUANCE DETAIL REPORT,,,,,,Page 4 of 12,
FROM: 01-JUN-26,,TO: 29-JUN-26,,,,Monday June 29 2026 2:18 PM,
Transaction,Creation,SIR,Item Code,Item Description,UOM,Quantity,Amount
Date,Date,No,,,,,
Account alias issue,,,,,,,
203-71020001-6001,,STORE     CONSUMPTION ELECTRIC ,,,,,
29-Jun-26,29-Jun-26,SIR-2624,01-03925-01-901,MICRO SWITCH,NUMBER,100,"7,000"
29-Jun-26,29-Jun-26,SIR-2624,01-02855-01-901,A.C SERVO MOTOR (ETU MOTOR) 668H72AA,NUMBER,3,
22-Jun-26,22-Jun-26,SIR-2561,01-48013-01-901,ROTO GLIDE GREASE BLUE 2908852100 (390-,TUBE,4,"87,000"
,,,,GRM),,,
19-Jun-26,19-Jun-26,SIR-2561,01-39641-01-901,ETU MOTOR DISK,NUMBER,7,"35,000"
19-Jun-26,19-Jun-26,SIR-2561,01-51041-03-901,DISPLAY FOR TEXTILE JACQUARD,NUMBER,1,0
19-Jun-26,19-Jun-26,SIR-2561,01-22485-01-901,DUPLICATE BOOK (CARBON LESS),NUMBER,1,450
19-Jun-26,19-Jun-26,SIR-2562,01-48667-02-901,KEB-S6 UPGRADE KIT 3002618325,NUMBER,1,"1,978,070"
19-Jun-26,19-Jun-26,SIR-2559,01-34150-01-901,GAS 407C GENETRON (USA),KILOGRAM,2,"7,500"
19-Jun-26,19-Jun-26,SIR-2561,01-40422-01-901,ENCODER 668L50,NUMBER,4,"38,000"
08-Jun-26,08-Jun-26,SIR-2467,01-31592-01-901,STORE REQUISITION SLIP W/50 PAGES SET,NUMBER,3,540
,,,,CARBON LESS W/BINDING,,,
02-Jun-26,02-Jun-26,SIR-2637,01-49739-01-901,IGBT MODULE SKIIP 25AC 126V1,NUMBER,2,"33,000"
02-Jun-26,02-Jun-26,SIR-2637,01-44022-01-901,HAMBER ENCODER 5V,NUMBER,1,"215,000"
,,,,,Department Total :,129,"2,401,560"
203-71020001-6002,,STORE     CONSUMPTION WORKSHOP ,,,,,
22-Jun-26,22-Jun-26,SIR-2573,01-49922-01-901,"EXHAUST FAN G.I FLAPPER 24""",NUMBER,2,"3,900"
19-Jun-26,19-Jun-26,SIR-2514,01-39502-01-901,DOOR LOCK ROUND (ISH),NUMBER,1,"1,700"
18-Jun-26,18-Jun-26,SIR-2514,01-11192-01-901,M.S DRILL BIT 5.5 MM,NUMBER,6,"1,260"
18-Jun-26,18-Jun-26,SIR-2531,01-05998-01-901,TURPENTINE OIL 10LTR/DRUMMY,NUMBER,6,"28,800"
16-Jun-26,16-Jun-26,SIR-2514,01-05427-01-901,"PLANER ELECTRIC MACHINE 3""",NUMBER,1,"11,800"
,,,,,Department Total :,16,"47,460"
203-71020001-6003,,STORE     CONSUMPTION AIR CONDITION ,,,,,
26-Jun-26,26-Jun-26,SIR-2593,01-05718-01-901,WIPER W/HANDLE,NUMBER,10,"3,300"
24-Jun-26,24-Jun-26,SIR-2593,01-04962-01-901,EAR PLUG CORDED SOFT,SET,35,"1,575"
24-Jun-26,24-Jun-26,SIR-2593,01-09311-01-901,ROUGH PAD LARGE,NUMBER,3,195
24-Jun-26,24-Jun-26,SIR-2593,01-04961-01-901,DUST MASK,NUMBER,200,800
19-Jun-26,19-Jun-26,SIR-2558,01-69672-01-901,HYDREX-1646,KILOGRAM,25,"48,750"
19-Jun-26,19-Jun-26,SIR-2558,01-44658-01-901,HYDREX-2856,KILOGRAM,96,"124,800"
19-Jun-26,19-Jun-26,SIR-2494,01-02415-01-901,SULPHURIC ACID H2SO4,KILOGRAM,1000,"170,000"
18-Jun-26,18-Jun-26,SIR-2494,01-12846-01-901,PAINT ENAMEL SINGLE RED # 5800 3.64 LTR,GALLON,2,"4,840"
18-Jun-26,18-Jun-26,SIR-2494,01-16874-01-901,PAINT ENAMEL MIDDLE BLUE # 1082 3.64 LTR,GALLON,6,"14,520"
18-Jun-26,18-Jun-26,SIR-2494,01-05311-01-901,PAINT ENAMEL ALUMINIUM 3.64 LTR,GALLON,2,"4,840"
12-Jun-26,12-Jun-26,SIR-2494,01-04961-01-901,DUST MASK,NUMBER,200,800
02-Jun-26,02-Jun-26,SIR-2642,01-05925-01-901,DIESEL,LITER,7,"2,352"
02-Jun-26,02-Jun-26,SIR-2642,01-05219-01-901,"NYLON WIRE BRUSH 12""",NUMBER,36,"7,920"
,,,,,Department Total :,1622,"384,691"
203-71020001-6009,,STORE CONSUMPTION COMPRESSOR ,,,,,
18-Jun-26,18-Jun-26,SIR-2540,01-49589-02-901,"CHECK VALVE KIT ""8"" 2906052000",NUMBER,1,"685,645"
18-Jun-26,18-Jun-26,SIR-2540,01-44777-02-901,COOLER SEAL KIT 3001500587,NUMBER,1,"1,018,090"
18-Jun-26,18-Jun-26,SIR-2540,01-44775-02-901,C-VISIT KIT WITHOUT DRAIN 3001500586,NUMBER,1,"2,581,893"
18-Jun-26,18-Jun-26,SIR-2527,01-34714-01-901,HYPOCHLORITE CHEMICAL,KILOGRAM,35,"2,625"
18-Jun-26,18-Jun-26,SIR-2540,01-44778-02-901,VICTAULIC GASKET KIT 3001500710,NUMBER,1,"1,148,550"
18-Jun-26,18-Jun-26,SIR-2541,01-23508-02-901,ROTO H/PLUS 209 LTR 2908-8508-00,NUMBER,1,"1,884,150"
18-Jun-26,18-Jun-26,SIR-2542,01-49590-02-901,PIPE COUPLING 634100027,NUMBER,7,"101,994"
18-Jun-26,18-Jun-26,SIR-2542,01-44783-02-901,COMPENSATOR 1635137200,NUMBER,1,"287,261"
18-Jun-26,18-Jun-26,SIR-2542,01-44782-02-901,CLAMP PIPE 634100217,NUMBER,2,"94,012"
18-Jun-26,18-Jun-26,SIR-2542,01-49591-02-901,COUPLING 634100085,NUMBER,2,"40,239"
,,,,,,,
,,,,,,DOC # : QR/M.SWC-011/01,
Saram Waqas & Co (SWC),,,,,,,
STORE ISSUANCE DETAIL REPORT,,,,,,Page 5 of 12,
FROM: 01-JUN-26,,TO: 29-JUN-26,,,,Monday June 29 2026 2:18 PM,
Transaction,Creation,SIR,Item Code,Item Description,UOM,Quantity,Amount
Date,Date,No,,,,,
Account alias issue,,,,,,,
203-71020001-6009,,STORE CONSUMPTION COMPRESSOR ,,,,,
18-Jun-26,18-Jun-26,SIR-2542,01-35818-02-901,COMPENSATOR 1635136600,NUMBER,2,"363,563"
18-Jun-26,18-Jun-26,SIR-2541,01-39341-02-901,KIT SERVICE 8000H ZH350-ZH900-2230014201,NUMBER,2,"56,703"
18-Jun-26,18-Jun-26,SIR-2540,01-44780-02-901,COUPLING 634100043,NUMBER,5,"52,492"
18-Jun-26,18-Jun-26,SIR-2542,01-44781-02-901,COUPLING 634100109,NUMBER,16,"174,578"
18-Jun-26,18-Jun-26,SIR-2540,01-44779-02-901,COOLER SEAL KIT 1092171656,NUMBER,1,"24,390"
31-May-26,02-Jun-26,SIR-2420,01-02415-01-901,SULPHURIC ACID H2SO4,KILOGRAM,1000,"190,000"
,,,,,Department Total :,1078,"8,706,184"
203-71020001-6010,,STORE CONSUMPTION ACCOUNTS ,,,,,
22-Jun-26,22-Jun-26,SIR-2572,01-09308-01-901,RING FILE COVER,NUMBER,1,140
22-Jun-26,22-Jun-26,SIR-2572,01-09170-01-901,LEAD PENCIL,NUMBER,9,144
22-Jun-26,22-Jun-26,SIR-2572,01-09248-01-901,PLASTIC CLIP FILE SIZE: F/C,NUMBER,3,450
22-Jun-26,22-Jun-26,SIR-2573,01-04968-01-901,ELFY (EXTRA POWER) 25 ML,NUMBER,1,150
22-Jun-26,22-Jun-26,SIR-2573,01-09383-01-901,UNI BALL PEN,NUMBER,2,210
22-Jun-26,22-Jun-26,SIR-2572,01-39626-01-901,PEN JETFLOW (DOLLER),NUMBER,4,140
18-Jun-26,18-Jun-26,SIR-2545,01-05504-01-901,RIM FOR TROLLEY W/6205 BEARING,NUMBER,25,"85,000"
12-Jun-26,12-Jun-26,SIR-2496,01-09191-01-901,MARKER LARGE,NUMBER,20,"1,100"
12-Jun-26,12-Jun-26,SIR-2496,01-47844-01-901,PAPER A-4 80-GSM 500-SHEET,RIM,5,"4,157"
12-Jun-26,12-Jun-26,SIR-2500,01-08926-01-901,BALL POINT CLEAR STICK,NUMBER,6,96
12-Jun-26,12-Jun-26,SIR-2496,01-08926-01-901,BALL POINT CLEAR STICK,NUMBER,10,160
12-Jun-26,12-Jun-26,SIR-2496,01-05178-01-901,MASKING TAPE 20 MM X 20 YDS,NUMBER,30,"1,035"
12-Jun-26,12-Jun-26,SIR-2500,01-47844-01-901,PAPER A-4 80-GSM 500-SHEET,RIM,3,"2,494"
12-Jun-26,12-Jun-26,SIR-2501,01-09312-01-901,ROUGH PAD SMALL,NUMBER,4,180
12-Jun-26,12-Jun-26,SIR-2501,01-09344-01-901,STAPLER PIN,PACKET,2,140
12-Jun-26,12-Jun-26,SIR-2500,01-09191-01-901,MARKER LARGE,NUMBER,6,330
12-Jun-26,12-Jun-26,SIR-2500,01-08946-01-901,BOX FILE COVER PLASTIC BODY,NUMBER,2,700
12-Jun-26,12-Jun-26,SIR-2500,01-39626-01-901,PEN JETFLOW (DOLLER),NUMBER,2,70
12-Jun-26,12-Jun-26,SIR-2496,01-09312-01-901,ROUGH PAD SMALL,NUMBER,5,225
12-Jun-26,12-Jun-26,SIR-2501,01-09287-01-901,REGISTER LARGE,NUMBER,2,700
12-Jun-26,12-Jun-26,SIR-2501,01-09147-01-901,HIGHLIGHT MARKER,NUMBER,2,116
12-Jun-26,12-Jun-26,SIR-2500,01-22485-01-901,DUPLICATE BOOK (CARBON LESS),NUMBER,2,900
31-May-26,01-Jun-26,SIR-2407,01-05635-01-901,TISSUE PAPER BOX 200~210 SHEETS,NUMBER,11,"3,575"
31-May-26,01-Jun-26,SIR-2407,01-34908-01-901,HANDWASH,NUMBER,1,499
31-May-26,01-Jun-26,SIR-2407,01-34050-01-901,LEMON MAX SOAP,NUMBER,5,475
31-May-26,01-Jun-26,SIR-2407,01-34049-01-901,SAFEGUARD SOAP,NUMBER,6,"1,014"
31-May-26,01-Jun-26,SIR-2407,01-04758-01-901,AIR FRESHNER,NUMBER,2,920
,,,,,Department Total :,171,"105,120"
203-71020001-7003,,STORE     CONSUMPTION ADMINISTRATION SITE ,,,,,
27-Jun-26,27-Jun-26,SIR-2611,01-05718-01-901,WIPER W/HANDLE,NUMBER,30,"9,900"
27-Jun-26,27-Jun-26,SIR-2569,01-07084-01-901,"BIB COCK 1/2"" (STEEL)",NUMBER,24,"18,000"
27-Jun-26,27-Jun-26,SIR-2609,01-26332-01-901,GRADER STEEL WIRE BRUSH,NUMBER,12,"5,340"
27-Jun-26,27-Jun-26,SIR-2569,01-05162-01-901,LOTA PLASTIC,NUMBER,88,"19,360"
27-Jun-26,27-Jun-26,SIR-2609,01-04830-01-901,"BRUSH CLEANING 12""",NUMBER,12,"2,640"
27-Jun-26,27-Jun-26,SIR-2609,01-05718-01-901,WIPER W/HANDLE,NUMBER,30,"9,900"
27-Jun-26,27-Jun-26,SIR-2609,01-26075-01-901,SAND LOCAL,CUBIC FEET,759,"32,227"
25-Jun-26,25-Jun-26,SIR-2595,01-47844-01-901,PAPER A-4 80-GSM 500-SHEET,RIM,5,"4,157"
25-Jun-26,25-Jun-26,SIR-2595,01-08926-01-901,BALL POINT CLEAR STICK,NUMBER,10,160
22-Jun-26,22-Jun-26,SIR-2569,01-13727-01-901,PHENYL,GALLON,15,"2,850"
22-Jun-26,22-Jun-26,SIR-2569,01-12738-01-901,SUNLIGHT SOAP,NUMBER,100,"7,000"
,,,,,,,
,,,,,,DOC # : QR/M.SWC-011/01,
Saram Waqas & Co (SWC),,,,,,,
STORE ISSUANCE DETAIL REPORT,,,,,,Page 6 of 12,
FROM: 01-JUN-26,,TO: 29-JUN-26,,,,Monday June 29 2026 2:18 PM,
Transaction,Creation,SIR,Item Code,Item Description,UOM,Quantity,Amount
Date,Date,No,,,,,
Account alias issue,,,,,,,
203-71020001-7003,,STORE     CONSUMPTION ADMINISTRATION SITE ,,,,,
21-Jun-26,21-Jun-26,SIR-2569,01-04961-01-901,DUST MASK,NUMBER,100,400
21-Jun-26,21-Jun-26,SIR-2569,01-05637-01-901,TOILET BRUSH,NUMBER,30,"2,460"
19-Jun-26,19-Jun-26,SIR-2554,01-08926-01-901,BALL POINT CLEAR STICK,NUMBER,10,160
19-Jun-26,19-Jun-26,SIR-2554,01-08926-01-901,BALL POINT CLEAR STICK,NUMBER,9,144
19-Jun-26,19-Jun-26,SIR-2554,01-47844-01-901,PAPER A-4 80-GSM 500-SHEET,RIM,10,"8,314"
19-Jun-26,19-Jun-26,SIR-2554,01-08946-01-901,BOX FILE COVER PLASTIC BODY,NUMBER,2,700
19-Jun-26,19-Jun-26,SIR-2564,01-37601-01-901,MINERAL WATER 19-LTR,NUMBER,320,"51,520"
19-Jun-26,19-Jun-26,SIR-2554,01-09383-01-901,UNI BALL PEN,NUMBER,1,105
19-Jun-26,19-Jun-26,SIR-2554,01-08926-01-901,BALL POINT CLEAR STICK,NUMBER,10,160
18-Jun-26,18-Jun-26,SIR-2529,01-37601-01-901,MINERAL WATER 19-LTR,NUMBER,343,"55,223"
16-Jun-26,16-Jun-26,SIR-2515,01-08926-01-901,BALL POINT CLEAR STICK,NUMBER,10,160
16-Jun-26,16-Jun-26,SIR-2515,01-22485-01-901,DUPLICATE BOOK (CARBON LESS),NUMBER,2,900
16-Jun-26,16-Jun-26,SIR-2515,01-12083-01-901,TRANSPARENT FILE,NUMBER,3,178
16-Jun-26,16-Jun-26,SIR-2515,01-31592-01-901,STORE REQUISITION SLIP W/50 PAGES SET,NUMBER,2,360
,,,,CARBON LESS W/BINDING,,,
16-Jun-26,16-Jun-26,SIR-2515,01-09248-01-901,PLASTIC CLIP FILE SIZE: F/C,NUMBER,3,450
11-Jun-26,11-Jun-26,SIR-2489,01-09170-01-901,LEAD PENCIL,NUMBER,12,192
11-Jun-26,11-Jun-26,SIR-2488,01-12083-01-901,TRANSPARENT FILE,NUMBER,2,119
11-Jun-26,11-Jun-26,SIR-2489,01-09248-01-901,PLASTIC CLIP FILE SIZE: F/C,NUMBER,2,300
11-Jun-26,11-Jun-26,SIR-2488,01-31592-01-901,STORE REQUISITION SLIP W/50 PAGES SET,NUMBER,5,900
,,,,CARBON LESS W/BINDING,,,
11-Jun-26,11-Jun-26,SIR-2489,01-39626-01-901,PEN JETFLOW (DOLLER),NUMBER,4,140
11-Jun-26,11-Jun-26,SIR-2489,01-09343-01-901,STAPLER,NUMBER,1,320
11-Jun-26,11-Jun-26,SIR-2488,01-09147-01-901,HIGHLIGHT MARKER,NUMBER,1,58
11-Jun-26,11-Jun-26,SIR-2489,01-47844-01-901,PAPER A-4 80-GSM 500-SHEET,RIM,2,"1,663"
11-Jun-26,11-Jun-26,SIR-2488,01-09321-01-901,SHARPNER,NUMBER,1,15
11-Jun-26,11-Jun-26,SIR-2488,01-09191-01-901,MARKER LARGE,NUMBER,1,55
10-Jun-26,10-Jun-26,SIR-2482,01-09311-01-901,ROUGH PAD LARGE,NUMBER,4,260
10-Jun-26,10-Jun-26,SIR-2482,01-39626-01-901,PEN JETFLOW (DOLLER),NUMBER,4,140
02-Jun-26,02-Jun-26,SIR-2433,01-47844-01-901,PAPER A-4 80-GSM 500-SHEET,RIM,2,"1,663"
31-May-26,02-Jun-26,SIR-2425,01-05980-01-901,PETROL,LITER,10,"4,013"
,,,,,Department Total :,1991,"242,604"
71030001-2205,,STORE     CONSUMPTION PACKING ,,,,,
29-Jun-26,29-Jun-26,SIR-2620,01-06134-01-901,"POLY PROPLENE 60"" (78~80 GRM)",METER,1000,"56,801"
29-Jun-26,29-Jun-26,SIR-2620,01-06147-01-901,"POLY THENE 24""",KILOGRAM,81.75,"46,598"
29-Jun-26,29-Jun-26,SIR-2620,01-06132-01-901,"POLY PROPLENE 45"" (58~60 GRM)",METER,2000,"92,337"
21-Jun-26,21-Jun-26,SIR-2570,01-06147-01-901,"POLY THENE 24""",KILOGRAM,200,"114,000"
21-Jun-26,21-Jun-26,SIR-2570,01-06132-01-901,"POLY PROPLENE 45"" (58~60 GRM)",METER,5000,"230,842"
21-Jun-26,21-Jun-26,SIR-2570,01-06134-01-901,"POLY PROPLENE 60"" (78~80 GRM)",METER,3000,"170,402"
15-Jun-26,15-Jun-26,SIR-2486,01-06147-01-901,"POLY THENE 24""",KILOGRAM,280.5,"159,885"
11-Jun-26,11-Jun-26,SIR-2486,01-06134-01-901,"POLY PROPLENE 60"" (78~80 GRM)",METER,3000,"170,402"
11-Jun-26,11-Jun-26,SIR-2486,01-06132-01-901,"POLY PROPLENE 45"" (58~60 GRM)",METER,5000,"230,842"
09-Jun-26,09-Jun-26,SIR-2644,01-06147-01-901,"POLY THENE 24""",KILOGRAM,240.8,"137,256"
09-Jun-26,09-Jun-26,SIR-2644,01-06147-01-901,"POLY THENE 24""",KILOGRAM,450,"256,500"
02-Jun-26,02-Jun-26,SIR-2644,01-06132-01-901,"POLY PROPLENE 45"" (58~60 GRM)",METER,10000,"461,684"
31-May-26,02-Jun-26,SIR-2422,01-47843-01-901,WOODEN PALLET W/KEKAR WOOD,NUMBER,18,"84,420"
,,,,"(63""~67""X40~41"" W/TOP INTERAL BY INTERAL 5"",",,,
,,,,"SPACE 2"",  THICK 20MM +/- 1MM, HEIGHT=6""~7"")",,,
31-May-26,02-Jun-26,SIR-2423,01-49877-01-901,"CRAFTED PAPER TUBE 66"" 5MM DIA-2""",NUMBER,17,"3,029"
31-May-26,02-Jun-26,SIR-2423,01-25103-01-901,"PAPER TUBE 79"" 8 MM DIA 2""",NUMBER,70,"8,737"
,,,,,,,
,,,,,,DOC # : QR/M.SWC-011/01,
Saram Waqas & Co (SWC),,,,,,,
STORE ISSUANCE DETAIL REPORT,,,,,,Page 7 of 12,
FROM: 01-JUN-26,,TO: 29-JUN-26,,,,Monday June 29 2026 2:18 PM,
Transaction,Creation,SIR,Item Code,Item Description,UOM,Quantity,Amount
Date,Date,No,,,,,
Account alias issue,,,,,,,
71030001-2205,,STORE     CONSUMPTION PACKING ,,,,,
31-May-26,02-Jun-26,SIR-2421,01-19636-01-901,"PAPER TUBE 68"" 8 MM DIA 2""",NUMBER,1230,"138,992"
31-May-26,02-Jun-26,SIR-2422,01-69884-01-901,WOODEN PALLET W/SUFIADA WOOD HEAVY,NUMBER,98,"289,099"
,,,,"WEIGHT (69~73""X40~41"" W/TOP PHATTI THICK",,,
,,,,"10MM +/- 1MM, HEIGHT=5.35~5.75"")",,,
31-May-26,02-Jun-26,SIR-2421,01-19787-01-901,"PAPER TUBE 72"" 8 MM DIA 2""",NUMBER,2380,"281,574"
31-May-26,02-Jun-26,SIR-2421,01-22146-01-901,"PAPER TUBE 67"" 8 MM DIA 2""",NUMBER,1160,"131,347"
31-May-26,02-Jun-26,SIR-2423,01-28718-01-901,"PAPER TUBE 75"" 8 MM DIA 2""",NUMBER,510,"63,440"
31-May-26,02-Jun-26,SIR-2422,01-19633-01-901,"PAPER TUBE 64"" 8 MM DIA 2""",NUMBER,4100,"433,692"
31-May-26,02-Jun-26,SIR-2423,01-37999-01-901,"PAPER TUBE 64"" 20 MM DIA 3""",NUMBER,21,"9,139"
02-Jun-26,02-Jun-26,SIR-2644,01-06134-01-901,"POLY PROPLENE 60"" (78~80 GRM)",METER,4000,"227,202"
31-May-26,02-Jun-26,SIR-2423,01-32545-01-901,"PAPER TUBE 61"" 8MM DIA 2""",NUMBER,420,"42,688"
31-May-26,02-Jun-26,SIR-2424,01-50248-01-901,"WOODEN FRAME W/SUFIADA WOOD, NORMAL",NUMBER,1,"4,900"
,,,,"(64""X96""+/-4"" W/TOP PHATTI THICK 10MM +/- 1MM,",,,
,,,,"HEIGHT=7""~8"")",,,
31-May-26,02-Jun-26,SIR-2421,01-20920-01-901,"PAPER TUBE 62"" 8 MM DIA 2""",NUMBER,70,"6,857"
31-May-26,02-Jun-26,SIR-2421,01-20260-01-901,"PAPER TUBE 66"" 8 MM DIA 2""",NUMBER,1280,"133,478"
31-May-26,02-Jun-26,SIR-2422,01-69882-01-901,WOODEN PALLET W/SUFIADA WOOD HEAVY,NUMBER,82,"227,959"
,,,,"WEIGHT (63~67""X40~41"" W/TOP PHATTI THICK",,,
,,,,"10MM +/-1MM, HEIGHT=5.35~5.75"")",,,
31-May-26,02-Jun-26,SIR-2421,01-19637-01-901,"PAPER TUBE 69"" 8 MM DIA 2""",NUMBER,2870,"312,883"
31-May-26,02-Jun-26,SIR-2422,01-50134-01-901,"WOODEN PALLET W/SUFIADA WOOD, SPECIAL",NUMBER,26,"72,188"
,,,,"(63~67""X40~41"" W/TOP PHATTI THICK 16MM +/-",,,
,,,,"1MM, HEIGHT=5.35~5.75"")",,,
31-May-26,02-Jun-26,SIR-2422,01-69882-01-901,WOODEN PALLET W/SUFIADA WOOD HEAVY,NUMBER,42,"116,759"
,,,,"WEIGHT (63~67""X40~41"" W/TOP PHATTI THICK",,,
,,,,"10MM +/-1MM, HEIGHT=5.35~5.75"")",,,
31-May-26,02-Jun-26,SIR-2422,01-19635-01-901,"PAPER TUBE 70"" 8 MM DIA 2""",NUMBER,1580,"182,657"
02-Jun-26,02-Jun-26,SIR-2644,01-06137-01-901,"POLY PROPLENE 72"" (88~90 GRM)",METER,4000,"230,013"
31-May-26,02-Jun-26,SIR-2423,01-35704-01-901,"WOODEN STOPPER 2""",NUMBER,200,620
,,,,,Department Total :,"54,428.05","5,129,220"
71040009-5104,,STORE   CONSUMPTION WOODEN FUEL CONSUMED UNIT 5,,,,,
31-May-26,14-Jun-26,SIR-2429,01-49430-01-901,SUGERCANE TRASH (SHREDDED) MOISTURE,NUMBER,1564,"20,332"
,,,,<20% (KHOREE),,,
31-May-26,10-Jun-26,SIR-2429,01-49430-01-901,SUGERCANE TRASH (SHREDDED) MOISTURE,NUMBER,40866,"531,258"
,,,,<20% (KHOREE),,,
31-May-26,04-Jun-26,SIR-2429,01-49430-01-901,SUGERCANE TRASH (SHREDDED) MOISTURE,NUMBER,4422,"57,486"
,,,,<20% (KHOREE),,,
31-May-26,04-Jun-26,SIR-2429,01-50131-01-901,MUSTARD CUT MOISTURE TOLERANCE LEVEL,KILOGRAM,198835,"3,429,904"
,,,,<20% (BALE SHAPE),,,
31-May-26,01-Jun-26,SIR-2216,01-49430-01-901,SUGERCANE TRASH (SHREDDED) MOISTURE,NUMBER,29234,"380,042"
,,,,<20% (KHOREE),,,
,,,,,Department Total :,274921,"4,419,022"
71050002-9002,,REPAIR & MAINTENANCE CIVIL DEPT,,,,,
19-Jun-26,19-Jun-26,SIR-2560,01-22723-01-901,BOND POWDER (20 KGS),BAG,25,"15,000"
02-Jun-26,02-Jun-26,SIR-2639,01-26075-01-901,SAND LOCAL,CUBIC FEET,954,"40,507"
,,,,,Department Total :,979,"55,507"
71050010-7003,,STORE     CONSUMPTION VEH REP & MNT ,,,,,
05-Jun-26,05-Jun-26,SIR-2457,01-05925-01-901,DIESEL,LITER,29,"9,743"
05-Jun-26,05-Jun-26,SIR-2457,01-05925-01-901,DIESEL,LITER,64,"21,501"
,,,,,Department Total :,93,"31,243"
71055001-7003,,STORE     CONSUMPTION VEH RUN&MNT UNIT 5,,,,,
29-Jun-26,29-Jun-26,SIR-2645,01-05925-01-901,DIESEL,LITER,36,"12,094"
29-Jun-26,29-Jun-26,SIR-2645,01-05925-01-901,DIESEL,LITER,30,"10,078"
29-Jun-26,29-Jun-26,SIR-2645,01-05925-01-901,DIESEL,LITER,123,"41,322"
,,,,,,,
,,,,,,DOC # : QR/M.SWC-011/01,
Saram Waqas & Co (SWC),,,,,,,
STORE ISSUANCE DETAIL REPORT,,,,,,Page 8 of 12,
FROM: 01-JUN-26,,TO: 29-JUN-26,,,,Monday June 29 2026 2:18 PM,
Transaction,Creation,SIR,Item Code,Item Description,UOM,Quantity,Amount
Date,Date,No,,,,,
Account alias issue,,,,,,,
71055001-7003,,STORE     CONSUMPTION VEH RUN&MNT UNIT 5,,,,,
29-Jun-26,29-Jun-26,SIR-2645,01-05925-01-901,DIESEL,LITER,40,"13,438"
27-Jun-26,27-Jun-26,SIR-2618,01-05925-01-901,DIESEL,LITER,26,"8,735"
27-Jun-26,27-Jun-26,SIR-2618,01-05925-01-901,DIESEL,LITER,18,"6,047"
27-Jun-26,27-Jun-26,SIR-2618,01-05925-01-901,DIESEL,LITER,91,"30,571"
25-Jun-26,26-Jun-26,SIR-2599,01-05925-01-901,DIESEL,LITER,19,"6,383"
25-Jun-26,26-Jun-26,SIR-2599,01-05925-01-901,DIESEL,LITER,67,"22,509"
25-Jun-26,26-Jun-26,SIR-2599,01-05925-01-901,DIESEL,LITER,29,"9,743"
25-Jun-26,26-Jun-26,SIR-2599,01-05925-01-901,DIESEL,LITER,27,"9,071"
24-Jun-26,24-Jun-26,SIR-2585,01-05925-01-901,DIESEL,LITER,33,"11,086"
24-Jun-26,24-Jun-26,SIR-2585,01-05925-01-901,DIESEL,LITER,62,"20,829"
23-Jun-26,23-Jun-26,SIR-2579,01-05925-01-901,DIESEL,LITER,39,"13,102"
23-Jun-26,23-Jun-26,SIR-2579,01-05925-01-901,DIESEL,LITER,30,"10,078"
23-Jun-26,23-Jun-26,SIR-2579,01-05925-01-901,DIESEL,LITER,23,"7,727"
23-Jun-26,23-Jun-26,SIR-2579,01-05925-01-901,DIESEL,LITER,64,"21,501"
23-Jun-26,23-Jun-26,SIR-2579,01-05925-01-901,DIESEL,LITER,34,"11,422"
22-Jun-26,22-Jun-26,SIR-2576,01-05925-01-901,DIESEL,LITER,124,"41,658"
22-Jun-26,22-Jun-26,SIR-2576,01-05925-01-901,DIESEL,LITER,42,"14,110"
22-Jun-26,22-Jun-26,SIR-2580,01-43187-01-901,RIMULA R1 40 CD/SE-1X209L-A1SA,LITER,10,"9,130"
22-Jun-26,22-Jun-26,SIR-2576,01-05925-01-901,DIESEL,LITER,44,"14,782"
20-Jun-26,20-Jun-26,SIR-2567,01-05925-01-901,DIESEL,LITER,29,"9,743"
20-Jun-26,20-Jun-26,SIR-2567,01-05925-01-901,DIESEL,LITER,30,"10,078"
20-Jun-26,20-Jun-26,SIR-2567,01-05925-01-901,DIESEL,LITER,38,"12,766"
20-Jun-26,20-Jun-26,SIR-2567,01-05925-01-901,DIESEL,LITER,62,"20,829"
19-Jun-26,19-Jun-26,SIR-2552,01-05925-01-901,DIESEL,LITER,29,"9,743"
19-Jun-26,19-Jun-26,SIR-2547,01-43187-01-901,RIMULA R1 40 CD/SE-1X209L-A1SA,LITER,10,"9,130"
19-Jun-26,19-Jun-26,SIR-2552,01-05925-01-901,DIESEL,LITER,42,"14,110"
18-Jun-26,18-Jun-26,SIR-2523,01-05925-01-901,DIESEL,LITER,36,"12,094"
18-Jun-26,18-Jun-26,SIR-2523,01-05925-01-901,DIESEL,LITER,63,"21,165"
17-Jun-26,17-Jun-26,SIR-2519,01-05925-01-901,DIESEL,LITER,32,"10,750"
17-Jun-26,17-Jun-26,SIR-2519,01-05925-01-901,DIESEL,LITER,37,"12,430"
17-Jun-26,17-Jun-26,SIR-2519,01-05925-01-901,DIESEL,LITER,61,"20,493"
17-Jun-26,17-Jun-26,SIR-2519,01-05925-01-901,DIESEL,LITER,29,"9,743"
17-Jun-26,17-Jun-26,SIR-2519,01-05925-01-901,DIESEL,LITER,32,"10,750"
15-Jun-26,16-Jun-26,SIR-2508,01-05925-01-901,DIESEL,LITER,44,"14,782"
15-Jun-26,16-Jun-26,SIR-2508,01-05925-01-901,DIESEL,LITER,48,"16,126"
15-Jun-26,16-Jun-26,SIR-2508,01-05925-01-901,DIESEL,LITER,20,"6,719"
16-Jun-26,16-Jun-26,SIR-2511,01-05925-01-901,DIESEL,LITER,27,"9,071"
15-Jun-26,16-Jun-26,SIR-2508,01-05925-01-901,DIESEL,LITER,124,"41,658"
16-Jun-26,16-Jun-26,SIR-2511,01-05925-01-901,DIESEL,LITER,65,"21,837"
13-Jun-26,13-Jun-26,SIR-2504,01-05925-01-901,DIESEL,LITER,63,"21,165"
13-Jun-26,13-Jun-26,SIR-2504,01-05925-01-901,DIESEL,LITER,35,"11,758"
13-Jun-26,13-Jun-26,SIR-2504,01-05925-01-901,DIESEL,LITER,60,"20,157"
12-Jun-26,12-Jun-26,SIR-2498,01-05925-01-901,DIESEL,LITER,65,"21,837"
11-Jun-26,11-Jun-26,SIR-2485,01-43187-01-901,RIMULA R1 40 CD/SE-1X209L-A1SA,LITER,10,"9,130"
11-Jun-26,11-Jun-26,SIR-2492,01-05925-01-901,DIESEL,LITER,69,"23,180"
11-Jun-26,11-Jun-26,SIR-2492,01-05925-01-901,DIESEL,LITER,37,"12,430"
10-Jun-26,10-Jun-26,SIR-2477,01-05925-01-901,DIESEL,LITER,29,"9,743"
09-Jun-26,10-Jun-26,SIR-2480,01-05925-01-901,DIESEL,LITER,61,"20,493"
10-Jun-26,10-Jun-26,SIR-2477,01-05925-01-901,DIESEL,LITER,36,"12,094"
,,,,,,,
,,,,,,DOC # : QR/M.SWC-011/01,
Saram Waqas & Co (SWC),,,,,,,
STORE ISSUANCE DETAIL REPORT,,,,,,Page 9 of 12,
FROM: 01-JUN-26,,TO: 29-JUN-26,,,,Monday June 29 2026 2:18 PM,
Transaction,Creation,SIR,Item Code,Item Description,UOM,Quantity,Amount
Date,Date,No,,,,,
Account alias issue,,,,,,,
71055001-7003,,STORE     CONSUMPTION VEH RUN&MNT UNIT 5,,,,,
10-Jun-26,10-Jun-26,SIR-2477,01-05925-01-901,DIESEL,LITER,20,"6,719"
10-Jun-26,10-Jun-26,SIR-2477,01-05925-01-901,DIESEL,LITER,60,"20,157"
09-Jun-26,10-Jun-26,SIR-2480,01-05925-01-901,DIESEL,LITER,31,"10,414"
08-Jun-26,08-Jun-26,SIR-2465,01-05925-01-901,DIESEL,LITER,38,"12,766"
08-Jun-26,08-Jun-26,SIR-2465,01-05925-01-901,DIESEL,LITER,42,"14,110"
08-Jun-26,08-Jun-26,SIR-2465,01-05925-01-901,DIESEL,LITER,111,"37,290"
08-Jun-26,08-Jun-26,SIR-2465,01-05925-01-901,DIESEL,LITER,24,"8,063"
06-Jun-26,06-Jun-26,SIR-2461,01-05925-01-901,DIESEL,LITER,28,"9,407"
06-Jun-26,06-Jun-26,SIR-2461,01-05925-01-901,DIESEL,LITER,29,"9,743"
06-Jun-26,06-Jun-26,SIR-2461,01-05925-01-901,DIESEL,LITER,35,"11,758"
06-Jun-26,06-Jun-26,SIR-2461,01-05925-01-901,DIESEL,LITER,60,"20,157"
04-Jun-26,04-Jun-26,SIR-2453,01-05925-01-901,DIESEL,LITER,27,"9,071"
04-Jun-26,04-Jun-26,SIR-2453,01-05925-01-901,DIESEL,LITER,61,"20,493"
04-Jun-26,04-Jun-26,SIR-2453,01-05925-01-901,DIESEL,LITER,32,"10,750"
03-Jun-26,03-Jun-26,SIR-2427,01-05925-01-901,DIESEL,LITER,30,"10,078"
03-Jun-26,03-Jun-26,SIR-2427,01-05925-01-901,DIESEL,LITER,23,"7,727"
03-Jun-26,03-Jun-26,SIR-2427,01-05925-01-901,DIESEL,LITER,25,"8,399"
03-Jun-26,03-Jun-26,SIR-2427,01-05925-01-901,DIESEL,LITER,53,"17,805"
02-Jun-26,02-Jun-26,SIR-2641,01-05665-01-901,TYRE 6-50-10 FOR FORK LIFTER,NUMBER,2,"110,000"
02-Jun-26,02-Jun-26,SIR-2414,01-05925-01-901,DIESEL,LITER,25,"8,399"
02-Jun-26,02-Jun-26,SIR-2641,01-05670-01-901,TYRE W/TUBE 28-9-15 (12 PLY) FOR FORK,SET,2,"160,000"
,,,,LIFTER,,,
02-Jun-26,02-Jun-26,SIR-2640,01-05665-01-901,TYRE 6-50-10 FOR FORK LIFTER,NUMBER,4,"220,000"
02-Jun-26,02-Jun-26,SIR-2414,01-05925-01-901,DIESEL,LITER,63,"21,165"
01-Jun-26,01-Jun-26,SIR-2410,01-05925-01-901,DIESEL,LITER,31,"10,414"
01-Jun-26,01-Jun-26,SIR-2410,01-05925-01-901,DIESEL,LITER,125,"41,994"
01-Jun-26,01-Jun-26,SIR-2410,01-05925-01-901,DIESEL,LITER,34,"11,422"
01-Jun-26,01-Jun-26,SIR-2410,01-05925-01-901,DIESEL,LITER,30,"10,078"
,,,,,Department Total :,3379,"1,639,796"
71060001-2103,,STORE     CAPITALIZED DRAWING ,,,,,
26-Jun-26,26-Jun-26,SIR-2597,01-51009-01-901,REED 37.50 D/I 2273MM (TSUDAKOMA NEO-001),NUMBER,2,"204,000"
,,,,CONICAL SIX COLOR,,,
19-Jun-26,19-Jun-26,SIR-2548,01-49637-01-901,REED 30.25 D/I 2073MM (TSUDAKOMA-001 NEO),NUMBER,1,"72,645"
19-Jun-26,19-Jun-26,SIR-2548,01-50068-01-901,REED 35.70 D/I 2073 MM  TSODAKOMA LOOMS,NUMBER,1,"81,616"
19-Jun-26,19-Jun-26,SIR-2548,01-49638-01-901,REED 31.25 D/I 2073MM (TSUDAKOMA-001 NEO),NUMBER,1,"75,117"
19-Jun-26,19-Jun-26,SIR-2548,01-46646-01-901,REED 40.70 D/I 2073MM (TSUDAKOMA NEO-001),NUMBER,1,"90,518"
19-Jun-26,19-Jun-26,SIR-2548,01-43970-01-901,REED 55.40 D/I 2073MM (TSUDAKOMA-001 NEO),NUMBER,1,"118,963"
02-Jun-26,02-Jun-26,SIR-2638,01-51009-01-901,REED 37.50 D/I 2273MM (TSUDAKOMA NEO-001),NUMBER,4,"408,000"
,,,,CONICAL SIX COLOR,,,
,,,,,Department Total :,11,"1,050,859"
71060001-2210,,STORE CAPITALIZED FOLDING 1st FLOOR U5,,,,,
27-Jun-26,27-Jun-26,SIR-2614,01-22390-01-901,HOLE SAW 30 MM,NUMBER,2,"1,200"
27-Jun-26,27-Jun-26,SIR-2604,01-32100-01-901,OVER LOAD RELAY EQCR-SS 0.5~6.5AMP C.T,NUMBER,24,"46,800"
,,,,TYPE,,,
27-Jun-26,27-Jun-26,SIR-2615,01-12694-01-901,CABLE 3/0.29,COIL,32,"165,370"
27-Jun-26,27-Jun-26,SIR-2592,01-30418-01-901,HILTI DRILL BIT 15 MM (TE-35),NUMBER,2,560
27-Jun-26,27-Jun-26,SIR-2602,01-11249-01-901,M.S POLISH ROD 35 MM (ROUND),KILOGRAM,60,"18,600"
27-Jun-26,27-Jun-26,SIR-2604,01-03294-01-901,CIRCUIT BREAKER 1 POLE 20AMP (TERASAKI),NUMBER,12,"11,400"
27-Jun-26,27-Jun-26,SIR-2605,01-04403-01-901,THIMBLE 50 MM2,NUMBER,24,"1,920"
27-Jun-26,27-Jun-26,SIR-2603,01-41747-01-901,"M.S PIPE 1"" SCH-40 (WELDED)",FEET,680,"120,360"
,,,,,,,
,,,,,,DOC # : QR/M.SWC-011/01,
Saram Waqas & Co (SWC),,,,,,,
STORE ISSUANCE DETAIL REPORT,,,,,,Page 10 of 12,
FROM: 01-JUN-26,,TO: 29-JUN-26,,,,Monday June 29 2026 2:18 PM,
Transaction,Creation,SIR,Item Code,Item Description,UOM,Quantity,Amount
Date,Date,No,,,,,
Account alias issue,,,,,,,
71060001-2210,,STORE CAPITALIZED FOLDING 1st FLOOR U5,,,,,
27-Jun-26,27-Jun-26,SIR-2592,01-29239-01-901,MAGNETIC CONTACTOR 4KW COIL 220V,NUMBER,4,"6,000"
27-Jun-26,27-Jun-26,SIR-2614,01-33863-01-901,"SIDE CUTTER 6""",NUMBER,2,"1,500"
27-Jun-26,27-Jun-26,SIR-2592,01-40207-01-901,CABLE 1 CORE 10MM2 Cu.PVC 450/750V (Green),METER,180,"57,143"
27-Jun-26,27-Jun-26,SIR-2602,01-20960-01-901,"S.S BALL VALVE 1"" FULL BORE (KTZ)",NUMBER,2,"1,700"
27-Jun-26,27-Jun-26,SIR-2606,01-03051-01-901,"CABLE TIE 12""",NUMBER,6000,"20,400"
27-Jun-26,27-Jun-26,SIR-2605,01-42119-01-901,LED SEARCH LIGHT 100W (PHILIPS),NUMBER,6,"52,200"
27-Jun-26,27-Jun-26,SIR-2602,01-22496-01-901,"M.S SEAMLESS BEND 1""",NUMBER,12,"1,260"
27-Jun-26,27-Jun-26,SIR-2615,01-03039-01-901,CABLE 7/029,COIL,12,"134,231"
27-Jun-26,27-Jun-26,SIR-2613,01-07761-01-901,M.S NUT 20 MM,NUMBER,20,660
27-Jun-26,27-Jun-26,SIR-2602,01-07577-01-901,"M.S NUT & BOLT 1/2"" X 2""",NUMBER,100,"4,800"
27-Jun-26,27-Jun-26,SIR-2602,01-05669-01-901,TYRE TUBE W/RIM BEARING 6205,NUMBER,22,"136,400"
27-Jun-26,27-Jun-26,SIR-2607,01-09676-01-901,"PLIER 8""",NUMBER,2,"1,500"
27-Jun-26,27-Jun-26,SIR-2606,01-27884-01-901,P.V.C TAPE RED,NUMBER,50,"2,750"
27-Jun-26,27-Jun-26,SIR-2606,01-27886-01-901,P.V.C TAPE BLACK,NUMBER,50,"2,750"
27-Jun-26,27-Jun-26,SIR-2604,01-04251-01-901,SELECTOR SWITCH ON/OFF 22 MM2 (KOREA),NUMBER,24,"20,400"
27-Jun-26,27-Jun-26,SIR-2605,01-23339-01-901,"PUSH BUTTON 22MM 6A RED,GREEN,YELLOW",NUMBER,24,"16,800"
,,,,PLASTIC BODY TAIWAN,,,
27-Jun-26,27-Jun-26,SIR-2604,01-48385-01-901,LED BATTEN LIGHT 16W 1600-LUMENS (PHILIPS),NUMBER,24,"36,000"
27-Jun-26,27-Jun-26,SIR-2614,01-09636-01-901,"NOSE PLIER 6""",NUMBER,2,"1,500"
27-Jun-26,27-Jun-26,SIR-2613,01-26843-01-901,HILTI ANCHOR BOLT 12 X 100 MM,NUMBER,50,"46,679"
27-Jun-26,27-Jun-26,SIR-2606,01-04070-01-901,PIANO SWITCH 10AMP,NUMBER,48,"2,400"
27-Jun-26,27-Jun-26,SIR-2603,01-04762-01-901,"AIR PRESSURE PIPE 3/8"" YELLOW",FEET,150,"15,000"
27-Jun-26,27-Jun-26,SIR-2607,01-09448-01-901,"CUTTER PLIER 8""",NUMBER,2,"2,000"
27-Jun-26,27-Jun-26,SIR-2604,01-08017-01-901,"P.V.C SADDLE 1""",NUMBER,200,"2,000"
27-Jun-26,27-Jun-26,SIR-2614,01-46502-01-901,RAWAL BOLT 10X65MM,NUMBER,150,"5,700"
27-Jun-26,27-Jun-26,SIR-2605,01-03468-01-901,"FLEXIBLE PIPE 1""",FEET,500,"18,000"
27-Jun-26,27-Jun-26,SIR-2607,01-08026-01-901,"P.V.C CABLE DUCT (TRUNCHING) 1"" X 1""",FEET,400,"20,000"
27-Jun-26,27-Jun-26,SIR-2592,01-16668-01-901,CABLE 1 CORE 50 MM2,METER,60,
27-Jun-26,27-Jun-26,SIR-2614,01-23126-01-901,HOLE SAW 22 MM,NUMBER,2,960
27-Jun-26,27-Jun-26,SIR-2606,01-11563-01-901,PIANO SOCKET 10AMP,NUMBER,48,"2,400"
27-Jun-26,27-Jun-26,SIR-2602,01-11992-01-901,"M.S SEAMLESS PIPE 1/2"" (SCH 40)",FEET,60,"8,700"
27-Jun-26,27-Jun-26,SIR-2606,01-03056-01-901,"CABLE TIE 8""",NUMBER,2400,"3,600"
27-Jun-26,27-Jun-26,SIR-2605,01-04396-01-901,THIMBLE 2.5 MM2 (O TYPE),NUMBER,400,"1,600"
27-Jun-26,27-Jun-26,SIR-2604,01-05278-01-901,"P.V.C PIPE 1""",FEET,400,"15,200"
27-Jun-26,27-Jun-26,SIR-2605,01-42433-01-901,"POLYAMIDE FLEXIBLE PIPE 1.5""",FEET,278.75,"10,871"
,,,,,Department Total :,"12,520.75","1,019,315"
71060001-5104,,STORE     CAPITALIZED BOILER ,,,,,
18-Jun-26,18-Jun-26,SIR-2532,01-49703-01-901,COMPLETE MECHNICAL SHED OF SHREDDER,NUMBER,1,"11,475,090"
,,,,WITH ALL MECHNICAL & CONSUMABLE,,,
,,,,"MATERIAL, ERRECTION AND INSTALLATION",,,
,,,,(COMPLETE JOB),,,
,,,,,Department Total :,1,"11,475,090"
71060001-6001,,STORE     CAPITALIZED ELECTRIC ,,,,,
27-Jun-26,27-Jun-26,SIR-2612,01-49426-01-901,M.C.C.B 630AMP 50KA 3-PHASE THERMAL,NUMBER,1,
,,,,MAGNETIC TEMBRAK (TERASAKI),,,
10-Jun-26,10-Jun-26,SIR-2470,01-50468-01-901,CABLE 1CORE 300 MM2 ALUMINUM XLPE PVC,METER,700,"879,282"
,,,,600/1000V,,,
10-Jun-26,10-Jun-26,SIR-2470,01-39119-01-901,AIR CONDITIONER 2 TON SPLIT TYPE,NUMBER,1,"190,939"
08-Jun-26,08-Jun-26,SIR-2467,01-23911-01-901,CABLE 2 CORE 0.75 MM2 (SHILDED),METER,180,"45,000"
31-May-26,02-Jun-26,SIR-2317,01-49582-01-901,INVT GD-200A INVERTER 30KW,NUMBER,2,"297,920"
31-May-26,01-Jun-26,SIR-2317,01-49581-01-901,INVT GD-200A INVERTER 37KW,NUMBER,3,"586,530"
,,,,,,,
,,,,,,DOC # : QR/M.SWC-011/01,
Saram Waqas & Co (SWC),,,,,,,
STORE ISSUANCE DETAIL REPORT,,,,,,Page 11 of 12,
FROM: 01-JUN-26,,TO: 29-JUN-26,,,,Monday June 29 2026 2:18 PM,
Transaction,Creation,SIR,Item Code,Item Description,UOM,Quantity,Amount
Date,Date,No,,,,,
Account alias issue,,,,,,,
71060001-6001,,STORE     CAPITALIZED ELECTRIC ,,,,,
31-May-26,01-Jun-26,SIR-2317,01-49582-01-901,INVT GD-200A INVERTER 30KW,NUMBER,6,"893,760"
,,,,,Department Total :,893,"2,893,431"
71060001-6010,,STORE CAPITALIZATION ACCOUNTS ,,,,,
22-Jun-26,22-Jun-26,SIR-2572,01-49965-01-901,HP 3600/2600 F1 PROFESSIONAL SCANNER,NUMBER,2,"352,000"
,,,,(FLATBED + FEEDER),,,
,,,,,Department Total :,2,"352,000"
71060001-7003,,STORE     CAPITALIZED ADMINISTRATION SITE ,,,,,
27-Jun-26,27-Jun-26,SIR-2583,01-47479-01-901,PTZ CAMERA 4-MP,NUMBER,2,
24-Jun-26,24-Jun-26,SIR-2583,01-20817-01-901,"G.I FLEXIBLE PIPE 1""",FEET,141,"7,614"
19-Jun-26,19-Jun-26,SIR-2563,01-48588-01-901,HARD DISK INTERNAL 8-TB SURVEILLANCE,NUMBER,20,"1,529,420"
04-Jun-26,04-Jun-26,SIR-2172,01-00344-01-901,CABLE CAT6 UTP,METER,6710,"901,019"
02-Jun-26,02-Jun-26,SIR-2432,01-06270-01-901,CABLE 2 CORE 2.5 MM2,METER,1500,"434,745"
02-Jun-26,02-Jun-26,SIR-2433,01-47844-01-901,PAPER A-4 80-GSM 500-SHEET,RIM,2,"1,663"
,,,,,Department Total :,8375,"2,874,461"
71060001-9002,,STORE CAPITALIZATION CIVIL DEPARTMENT,,,,,
27-Jun-26,27-Jun-26,SIR-2582,01-49761-01-901,"KITCHEN HOOD 30"" W/GOOD QUALITY",NUMBER,1,
27-Jun-26,27-Jun-26,SIR-2608,01-26075-01-901,SAND LOCAL,CUBIC FEET,1226,"52,056"
24-Jun-26,24-Jun-26,SIR-2594,01-43527-01-901,"CEILING FAN 56"" GFC (SAPPHIRE)",NUMBER,8,
23-Jun-26,23-Jun-26,SIR-2582,01-08062-01-901,"RAWAL BOLT 1/4""",NUMBER,8,152
22-Jun-26,22-Jun-26,SIR-2579,01-26075-01-901,SAND LOCAL,CUBIC FEET,429,"18,215"
22-Jun-26,22-Jun-26,SIR-2579,01-26075-01-901,SAND LOCAL,CUBIC FEET,944,"40,082"
22-Jun-26,22-Jun-26,SIR-2578,01-25165-01-901,"MUSLIM SHOWER 1/2"" (SONEX)",NUMBER,3,"4,800"
19-Jun-26,19-Jun-26,SIR-2536,01-69885-01-901,TUFF TILE  80 MM THICKNESS 7000 PSI,SQ. FEET,9050,"1,592,800"
,,,,STRENGTH GREY COLOUR(NUI LOCK DESIGN),,,
18-Jun-26,18-Jun-26,SIR-2537,01-44599-01-901,ALUMINUM PIVOT DOOR W/6MM GLASS &,SQ. FEET,24.5,"58,310"
,,,,FITTING,,,
18-Jun-26,18-Jun-26,SIR-2534,01-69885-01-901,TUFF TILE  80 MM THICKNESS 7000 PSI,SQ. FEET,9600,"1,689,600"
,,,,STRENGTH GREY COLOUR(NUI LOCK DESIGN),,,
18-Jun-26,18-Jun-26,SIR-2533,01-49973-01-901,PRESS  SHEET 8'X4'X4MM,NUMBER,2,"3,400"
18-Jun-26,18-Jun-26,SIR-2543,01-32921-01-901,SYPHON KIT SET (FLUSH TANK),NUMBER,4,400
18-Jun-26,18-Jun-26,SIR-2543,01-01674-01-901,BRACKET,NUMBER,12,"2,490"
18-Jun-26,18-Jun-26,SIR-2543,01-42435-01-901,"RUBBER CONNECTION PIPE 1.5""",NUMBER,4,600
18-Jun-26,18-Jun-26,SIR-2536,01-69885-01-901,TUFF TILE  80 MM THICKNESS 7000 PSI,SQ. FEET,3200,"563,200"
,,,,STRENGTH GREY COLOUR(NUI LOCK DESIGN),,,
18-Jun-26,18-Jun-26,SIR-2535,01-69885-01-901,TUFF TILE  80 MM THICKNESS 7000 PSI,SQ. FEET,3200,"563,200"
,,,,STRENGTH GREY COLOUR(NUI LOCK DESIGN),,,
18-Jun-26,18-Jun-26,SIR-2538,01-07131-01-901,"C.P NIPPLE 2""",NUMBER,24,"6,240"
18-Jun-26,18-Jun-26,SIR-2538,01-07129-01-901,"C.P NIPPLE 1""",NUMBER,12,"1,680"
18-Jun-26,18-Jun-26,SIR-2543,01-19803-01-901,"S.S PIPE 3/4""",FEET,42,"2,310"
18-Jun-26,18-Jun-26,SIR-2538,01-05623-01-901,TEFLON TAPE,NUMBER,24,720
18-Jun-26,18-Jun-26,SIR-2533,01-19904-01-901,"DASTI 4""",NUMBER,6,"1,500"
18-Jun-26,18-Jun-26,SIR-2538,01-02025-01-901,"P.V.C THIMBLE BLUE 4"" X 3""",NUMBER,4,"1,467"
18-Jun-26,18-Jun-26,SIR-2538,01-07130-01-901,"C.P NIPPLE 1.5""",NUMBER,24,"5,280"
18-Jun-26,18-Jun-26,SIR-2538,01-02025-01-901,"P.V.C THIMBLE BLUE 4"" X 3""",NUMBER,2,733
18-Jun-26,18-Jun-26,SIR-2536,01-26075-01-901,SAND LOCAL,CUBIC FEET,635,"26,962"
08-Jun-26,08-Jun-26,SIR-2430,01-04890-01-901,CLOTH MALMAL,METER,50,"2,100"
08-Jun-26,08-Jun-26,SIR-2430,01-49796-01-901,"CHATKANI KONDI 12""",NUMBER,2,720
31-May-26,02-Jun-26,SIR-2404,01-25054-01-901,"BEADING GOLA 3/4"" X 3""",FEET,800,"71,200"
31-May-26,02-Jun-26,SIR-2402,01-49913-01-901,WARDRODE SLIDING DOOR WHEEL,NUMBER,24,"9,360"
31-May-26,02-Jun-26,SIR-2402,01-48669-01-901,"ALUMINIUM REALING 2.5""X8'",NUMBER,4,"15,400"
31-May-26,02-Jun-26,SIR-2404,01-13363-01-901,"S.S NAIL 1""",KILOGRAM,2,"1,600"
,,,,,,,
,,,,,,DOC # : QR/M.SWC-011/01,
Saram Waqas & Co (SWC),,,,,,,
STORE ISSUANCE DETAIL REPORT,,,,,,Page 12 of 12,
FROM: 01-JUN-26,,TO: 29-JUN-26,,,,Monday June 29 2026 2:18 PM,
Transaction,Creation,SIR,Item Code,Item Description,UOM,Quantity,Amount
Date,Date,No,,,,,
Account alias issue,,,,,,,
71060001-9002,,STORE CAPITALIZATION CIVIL DEPARTMENT,,,,,
31-May-26,02-Jun-26,SIR-2404,01-32521-01-901,"U-PATTI 3/4"" SILVER COLOUR",FEET,400,"4,260"
31-May-26,01-Jun-26,SIR-2404,01-07411-01-901,"HINGES 4""",NUMBER,48,"5,280"
31-May-26,01-Jun-26,SIR-2406,01-43525-01-901,"LED DOWN LIGHT 24W 8"" (PHILIPS)",NUMBER,50,"80,000"
31-May-26,01-Jun-26,SIR-2401,01-49864-01-901,LED R0PE LIGHT CONTROL DRIVER,NUMBER,15,"3,000"
31-May-26,01-Jun-26,SIR-2404,01-46502-01-901,RAWAL BOLT 10X65MM,NUMBER,100,"3,800"
31-May-26,01-Jun-26,SIR-2406,01-49862-01-901,"LED DOWN LIGHT 9W 4"" (PHILIPS)",NUMBER,30,"21,000"
31-May-26,01-Jun-26,SIR-2401,01-49863-01-901,LED DOUBLE ROPE LIGHT 8W/M220 K4000,METER,100,"21,500"
,,,,(PHILIPS),,,
,,,,,Department Total :,30113.5,"4,875,417"
,,,,Account alias issue  Total :,,"424,494.12","49,633,371"
Account alias receipt,,,,,,,
71060001-5104,,STORE     CAPITALIZED BOILER ,,,,,
31-May-26,20-Jun-26,RET-1907,01-20656-01-901,"PENCIL GRINDER STONE 1""",NUMBER,-12,-900
31-May-26,20-Jun-26,RET-1907,01-32623-01-901,M.S WELDING ROD 2.25 MM(FORTEX 7018),KILOGRAM,-40,"-33,600"
31-May-26,20-Jun-26,RET-1907,01-11128-01-901,"GRINDING DISK 1/4"" X 5""",NUMBER,-24,"-3,360"
31-May-26,20-Jun-26,RET-2269,01-20964-01-901,"M.S SEAMLESS PIPE 1.5"" (SCH 40)",FEET,-1440,"-499,680"
,,,,,Department Total :,-1516,"-537,540"
71060001-7003,,STORE     CAPITALIZED ADMINISTRATION SITE ,,,,,
02-Jun-26,02-Jun-26,RET-2433,01-47844-01-901,PAPER A-4 80-GSM 500-SHEET,RIM,-2,"-1,663"
,,,,,Department Total :,-2,"-1,663"
,,,,Account alias receipt  Total :,,-1518,"-539,203"
,,,,Report Totals :,,"422,976.12","49,094,169"
